,Ring Price,Ring Gross Weight,Ring Size,Diamond Weight/Carats,Diamond Count
0,4000000.0,5.1,6.0,3.45,25.0
1,4000000.0,6.9,6.0,5.01,50.0
2,4000000.0,4.47,4.0,6.4,25.0
3,4000000.0,5.51,6.0,7.15,25.0
4,4000000.0,5.9,6.0,5.04,25.0
5,4000000.0,9.6,6.0,5.87,75.0
6,3906250.0,8.41,6.0,2.56,25.0
7,3883750.0,6.28,6.0,3.04,50.0
8,3883750.0,7.88,5.0,4.41,25.0
9,3883750.0,12.8,5.0,5.65,25.0
10,3800000.0,6.0,6.0,3.12,25.0
11,3750000.0,9.7,6.0,13.77,25.0
12,3750000.0,11.5,5.0,2.57,25.0
13,3750000.0,5.2,6.0,2.25,100.0
14,3750000.0,5.6,4.0,2.33,
15,3750000.0,6.5,7.0,2.55,
16,3750000.0,8.7,5.0,2.12,
17,3750000.0,13.21,8.0,5.19,
18,3750000.0,5.9,5.0,4.08,25.0
19,3750000.0,6.3,5.0,3.03,25.0
20,3750000.0,10.72,6.0,4.03,25.0
21,3750000.0,5.32,4.0,5.67,25.0
22,3750000.0,12.4,6.0,4.39,25.0
23,3750000.0,8.47,,3.01,100.0
24,3750000.0,8.01,,5.51,25.0
25,3750000.0,11.52,4.0,3.16,25.0
26,3750000.0,9.6,6.0,5.87,75.0
27,3750000.0,17.85,6.0,6.34,75.0
28,3750000.0,19.02,7.0,3.11,100.0
29,3750000.0,6.4,5.0,4.69,75.0
30,3740000.0,4.5,6.0,3.89,25.0
31,3734375.0,8.5,6.0,4.33,75.0
32,3625000.0,18.6,6.0,19.43,25.0
33,3625000.0,3.9,5.0,2.69,25.0
34,3625000.0,11.19,5.0,5.14,50.0
35,3585000.0,6.7,5.0,6.98,25.0
36,3585000.0,7.6,,3.03,25.0
37,3585000.0,6.8,6.0,4.98,25.0
38,3585000.0,5.5,,4.25,
39,3500100.0,6.6,5.0,3.04,25.0
40,3500000.0,24.2,7.0,11.7,75.0
41,3500000.0,5.4,5.0,5.69,25.0
42,3500000.0,4.3,6.0,2.74,50.0
43,3500000.0,,,,
44,3500000.0,5.8,7.0,2.28,25.0
45,3500000.0,11.27,6.0,25.18,25.0
46,3500000.0,5.7,7.0,6.0,25.0
47,3400000.0,16.1,4.0,6.05,100.0
48,3375000.0,12.2,6.0,5.28,25.0
49,3375000.0,13.0,5.0,5.03,25.0
50,3375000.0,26.71,,5.56,75.0
51,3375000.0,11.7,5.0,18.84,25.0
52,3346000.0,24.7,10.0,7.03,25.0
53,3250000.0,15.18,8.0,7.47,75.0
54,3250000.0,19.9,,6.06,100.0
55,3250000.0,9.9,6.0,4.02,25.0
56,3250000.0,17.62,,5.08,25.0
57,3250000.0,7.8,6.0,2.45,25.0
58,3250000.0,18.8,6.0,17.63,75.0
59,3250000.0,6.28,6.0,3.04,50.0
60,3250000.0,13.17,5.0,3.8,25.0
61,3250000.0,5.0,7.0,4.0,25.0
62,3250000.0,6.8,5.0,9.3,50.0
63,3250000.0,3.6,5.0,2.25,25.0
64,3250000.0,8.0,6.0,3.2,75.0
65,3250000.0,20.9,5.0,6.9,100.0
66,3226500.0,17.2,7.0,34.21,
67,3190000.0,5.7,7.0,4.07,25.0
68,3125000.0,7.1,6.0,3.03,50.0
69,3125000.0,5.0,4.0,4.28,25.0
70,3125000.0,11.7,6.0,3.0,50.0
71,3125000.0,11.1,,8.94,75.0
72,3125000.0,8.6,6.0,6.33,25.0
73,3125000.0,7.47,6.0,3.06,75.0
74,3125000.0,6.6,6.0,7.36,25.0
75,3125000.0,6.6,5.0,,25.0
76,3125000.0,7.0,5.0,6.22,25.0
77,3107000.0,13.4,6.0,7.45,100.0
78,3107000.0,9.4,7.0,11.62,25.0
79,3062500.0,7.6,5.0,4.03,
80,3000000.0,5.4,7.0,4.74,
81,3000000.0,7.0,5.0,7.3,25.0
82,3000000.0,19.8,7.0,35.0,50.0
83,3000000.0,9.1,6.0,7.48,25.0
84,3000000.0,9.15,7.0,2.37,25.0
85,3000000.0,13.5,7.0,7.43,25.0
86,3000000.0,3.9,5.0,3.84,25.0
87,3000000.0,6.7,6.0,5.25,25.0
88,3000000.0,15.57,,,100.0
89,3000000.0,16.65,,,100.0
90,3000000.0,7.76,6.0,7.0,25.0
91,3000000.0,9.2,6.0,10.45,25.0
92,3000000.0,15.89,,3.55,50.0
93,3000000.0,7.45,7.0,2.38,50.0
94,3000000.0,7.38,7.0,3.14,25.0
95,2987500.0,,6.0,4.04,50.0
96,2987500.0,12.52,5.0,3.25,50.0
97,2970000.0,6.07,6.0,3.04,25.0
98,2875000.0,7.9,6.0,4.55,25.0
99,2875000.0,9.2,5.0,4.67,25.0
100,2875000.0,19.7,8.0,3.23,25.0
101,2875000.0,16.2,,6.04,25.0
102,2875000.0,12.0,6.0,6.13,50.0
103,2868000.0,14.1,8.0,5.02,100.0
104,2868000.0,12.15,5.0,4.35,25.0
105,2868000.0,25.3,5.0,5.0,25.0
106,2868000.0,8.2,5.0,5.85,25.0
107,2750000.0,9.7,5.0,4.69,25.0
108,2750000.0,11.0,6.0,1.75,50.0
109,2750000.0,6.4,6.0,3.62,25.0
110,2750000.0,6.6,5.0,3.09,25.0
111,2750000.0,2.5,6.0,0.98,25.0
112,2750000.0,11.2,6.0,2.93,50.0
113,2750000.0,6.0,5.0,3.99,25.0
114,2750000.0,9.0,5.0,2.96,25.0
115,2750000.0,9.5,5.0,5.0,25.0
116,2750000.0,7.2,6.0,3.38,25.0
117,2750000.0,18.9,5.0,,25.0
118,2700000.0,4.7,6.0,4.01,
119,2629000.0,9.15,6.0,8.35,75.0
120,2629000.0,11.05,6.0,,50.0
121,2629000.0,11.6,6.0,4.27,100.0
122,2625000.0,7.1,6.0,5.75,50.0
123,2625000.0,4.0,6.0,3.42,25.0
124,2625000.0,6.5,7.0,2.5,25.0
125,2562625.0,5.7,7.0,4.01,100.0
126,2509500.0,5.4,5.0,3.25,25.0
127,2500000.0,13.7,7.0,14.46,100.0
128,2500000.0,4.7,7.0,2.23,
129,2500000.0,9.3,7.0,11.5,25.0
130,2500000.0,7.2,,2.08,75.0
131,2500000.0,9.7,7.0,2.1,25.0
132,2500000.0,12.9,6.0,16.51,75.0
133,2500000.0,13.4,6.0,6.54,100.0
134,2500000.0,9.11,6.0,5.235,100.0
135,2500000.0,4.2,6.0,2.48,25.0
136,2500000.0,4.87,4.0,2.11,50.0
137,2500000.0,5.7,6.0,3.03,25.0
138,2500000.0,12.0,6.0,26.0,25.0
139,2500000.0,39.0,6.0,,75.0
140,2500000.0,6.9,6.0,5.63,25.0
141,2500000.0,12.3,6.0,4.79,25.0
142,2500000.0,6.4,,2.56,25.0
143,2500000.0,7.3,7.0,5.06,25.0
144,2500000.0,7.51,,2.47,25.0
145,2500000.0,,6.0,,25.0
146,2500000.0,4.47,3.0,2.02,25.0
147,2500000.0,19.7,8.0,21.35,50.0
148,2437500.0,10.5,,3.2,75.0
149,2400000.0,19.9,4.0,47.0,50.0
150,2390000.0,4.3,6.0,3.79,25.0
151,2390000.0,9.0,5.0,4.0,25.0
152,2390000.0,17.2,7.0,5.0,25.0
153,2390000.0,23.4,9.0,4.85,25.0
154,2390000.0,10.0,,15.07,
155,2390000.0,28.0,,9.164,
156,2375000.0,8.4,6.0,5.02,25.0
157,2375000.0,7.3,6.0,5.03,25.0
158,2375000.0,6.8,5.0,3.0,25.0
159,2375000.0,37.2,11.0,4.5,
160,2375000.0,12.3,4.0,14.0,25.0
161,2375000.0,10.9,6.0,22.28,25.0
162,2375000.0,5.0,8.0,5.37,25.0
163,2375000.0,14.5,6.0,,25.0
164,2375000.0,6.71,6.0,5.37,25.0
165,2375000.0,6.5,5.0,5.36,25.0
166,2375000.0,21.42,6.0,8.83,100.0
167,2312500.0,6.2,,3.25,25.0
168,2312500.0,9.57,6.0,5.26,25.0
169,2312500.0,9.77,,4.02,100.0
170,2270500.0,6.9,6.0,5.76,25.0
171,2270500.0,3.65,5.0,1.8,25.0
172,2270500.0,7.2,6.0,3.38,25.0
173,2270500.0,8.8,5.0,3.0,
174,2250000.0,5.8,5.0,3.93,25.0
175,2250000.0,10.4,7.0,3.32,50.0
176,2250000.0,18.9,5.0,5.72,50.0
177,2250000.0,5.7,7.0,3.08,25.0
178,2250000.0,5.4,5.0,2.08,25.0
179,2250000.0,11.8,6.0,13.51,25.0
180,2250000.0,9.0,6.0,5.5,25.0
181,2250000.0,10.0,,7.7,25.0
182,2250000.0,5.0,6.0,3.43,25.0
183,2250000.0,7.09,6.0,2.6,25.0
184,2250000.0,38.32,12.0,2.9,100.0
185,2250000.0,7.88,5.0,4.41,25.0
186,2250000.0,14.37,6.0,17.53,25.0
187,2250000.0,,,,100.0
188,2250000.0,3.96,6.0,3.37,25.0
189,2250000.0,18.83,9.0,15.31,
190,2250000.0,5.3,6.0,3.7,25.0
191,2187500.0,6.3,6.0,2.28,25.0
192,2187500.0,13.45,6.0,4.06,75.0
193,2151000.0,9.41,8.0,3.75,50.0
194,2151000.0,8.55,6.0,3.01,50.0
195,2151000.0,4.5,,4.65,
196,2150000.0,4.7,7.0,2.74,25.0
197,2125000.0,9.2,7.0,4.55,50.0
198,2125000.0,12.0,7.0,2.77,25.0
199,2125000.0,14.4,6.0,,25.0
200,2125000.0,3.4,5.0,4.6,25.0
201,2125000.0,6.5,5.0,3.26,25.0
202,2125000.0,12.3,6.0,4.0,25.0
203,2125000.0,6.58,6.0,5.0,25.0
204,1000.0,9.9,4.0,,25.0
205,2125000.0,10.4,5.0,15.67,100.0
206,2062500.0,7.4,6.0,3.38,25.0
207,2062500.0,20.7,9.0,4.63,100.0
208,2062500.0,5.1,,3.58,25.0
209,2062500.0,2.85,5.0,1.98,25.0
210,2031500.0,8.4,7.0,3.0,25.0
211,2031500.0,14.8,6.0,3.7,75.0
212,2031500.0,7.2,4.0,3.73,25.0
213,2031500.0,6.0,,5.0,25.0
214,2031500.0,10.0,,8.0,
215,2000000.0,8.1,6.0,4.53,25.0
216,2000000.0,5.2,7.0,2.36,25.0
217,2000000.0,20.4,8.0,5.01,100.0
218,2000000.0,7.9,5.0,6.27,25.0
219,2000000.0,11.8,,5.01,100.0
220,2000000.0,34.8,9.0,6.19,25.0
221,2000000.0,7.6,5.0,6.88,25.0
222,2000000.0,4.9,3.0,3.31,25.0
223,2000000.0,5.0,6.0,2.91,25.0
224,2000000.0,5.8,6.0,4.0,50.0
225,2000000.0,,,,
226,2000000.0,24.2,7.0,24.0,75.0
227,2000000.0,10.2,6.0,10.57,25.0
228,2000000.0,12.26,6.0,18.46,25.0
229,2000000.0,5.35,7.0,4.17,25.0
230,2000000.0,7.0,6.0,4.35,25.0
231,2000000.0,4.15,6.0,3.74,25.0
232,2000000.0,43.1,5.0,16.0,100.0
233,2000000.0,,6.0,,50.0
234,2000000.0,3.96,5.0,7.98,25.0
235,2000000.0,14.7,,11.0,100.0
236,2000000.0,7.45,7.0,2.38,50.0
237,2000000.0,7.5,7.0,2.15,25.0
238,1937500.0,8.9,5.0,4.01,25.0
239,1937500.0,8.17,5.0,2.02,
240,1937500.0,5.0,6.0,1.85,
241,1937500.0,9.5,6.0,3.54,50.0
242,1912000.0,3.4,5.0,4.6,25.0
243,1912000.0,19.3,7.0,14.26,50.0
244,1912000.0,13.0,6.0,10.77,50.0
245,1912000.0,12.74,9.0,3.36,25.0
246,1912000.0,12.4,7.0,3.45,
247,1900000.0,6.2,,2.75,25.0
248,1875000.0,3.81,5.0,1.21,25.0
249,1875000.0,13.8,10.0,4.01,50.0
250,1875000.0,7.1,,7.28,75.0
251,1875000.0,4.9,7.0,3.28,25.0
252,1875000.0,16.0,6.0,3.02,50.0
253,1875000.0,9.4,6.0,10.83,25.0
254,1875000.0,13.8,6.0,9.55,25.0
255,1875000.0,17.1,7.0,10.35,50.0
256,1875000.0,11.1,7.0,15.81,25.0
257,1875000.0,51.8,10.0,15.68,25.0
258,1875000.0,7.2,6.0,3.42,25.0
259,1875000.0,9.0,5.0,3.03,25.0
260,1875000.0,6.4,5.0,,50.0
261,1875000.0,7.7,7.0,4.03,75.0
262,1875000.0,29.2,11.0,3.05,25.0
263,1875000.0,6.9,,7.3,25.0
264,1875000.0,15.4,9.0,2.02,75.0
265,1875000.0,11.1,7.0,10.17,25.0
266,1875000.0,13.52,,17.2,25.0
267,1875000.0,4.03,7.0,6.16,25.0
268,1875000.0,6.6,7.0,1.92,50.0
269,1875000.0,4.17,7.0,3.95,25.0
270,1875000.0,17.6,7.0,25.6,25.0
271,1875000.0,21.44,,31.68,100.0
272,1875000.0,10.5,6.0,17.15,25.0
273,1875000.0,14.4,7.0,9.9,100.0
274,1875000.0,10.4,5.0,3.52,50.0
275,1875000.0,10.4,5.0,3.52,50.0
276,1875000.0,5.86,6.0,3.53,25.0
277,1875000.0,8.92,6.0,5.69,25.0
278,1875000.0,7.9,7.0,8.24,25.0
279,1875000.0,7.6,6.0,4.68,25.0
280,1875000.0,6.4,,2.56,25.0
281,1875000.0,,7.0,,25.0
282,1875000.0,8.9,6.0,7.75,25.0
283,1875000.0,6.3,4.0,2.06,25.0
284,1875000.0,21.44,,31.68,100.0
285,1875000.0,,7.0,,50.0
286,1875000.0,12.48,7.0,13.0,25.0
287,1875000.0,12.43,6.0,11.15,100.0
288,1852250.0,13.7,4.0,13.1,50.0
289,1812500.0,5.0,5.0,2.64,25.0
290,1812500.0,7.44,,3.96,25.0
291,1800000.0,10.0,5.0,2.65,100.0
292,1800000.0,14.3,,12.27,50.0
293,1800000.0,14.3,6.0,2.26,25.0
294,1792500.0,17.2,7.0,5.0,
295,1792500.0,6.2,5.0,3.0,50.0
296,1750000.0,6.9,8.0,4.01,25.0
297,1750000.0,7.4,7.0,2.75,25.0
298,1750000.0,44.6,8.0,5.08,25.0
299,1750000.0,6.0,6.0,1.85,25.0
300,1750000.0,5.3,6.0,1.95,25.0
301,1750000.0,14.1,7.0,,50.0
302,1750000.0,5.3,6.0,2.0,25.0
303,1750000.0,33.0,6.0,5.0,
304,1750000.0,6.4,7.0,2.51,
305,1750000.0,6.2,5.0,3.01,25.0
306,1750000.0,8.6,5.0,1.5,25.0
307,1750000.0,5.57,6.0,2.4,25.0
308,1750000.0,4.47,7.0,2.58,25.0
309,1750000.0,10.3,6.0,3.7,50.0
310,1750000.0,5.0,4.0,2.04,25.0
311,1750000.0,4.81,11.0,3.78,25.0
312,1750000.0,3.3,6.0,3.01,25.0
313,1750000.0,9.5,,,25.0
314,1750000.0,8.7,6.0,2.41,25.0
315,1750000.0,,5.0,,25.0
316,1750000.0,9.2,6.0,2.25,50.0
317,1750000.0,10.93,6.0,7.64,100.0
318,1750000.0,16.9,6.0,40.0,25.0
319,1750000.0,15.09,5.0,2.53,75.0
320,1750000.0,10.4,,,50.0
321,1750000.0,8.0,6.0,3.05,100.0
322,1700000.0,18.3,6.0,22.6,25.0
323,1687500.0,58.62,,2.51,
324,1687500.0,6.1,6.0,5.1,25.0
325,1687500.0,7.3,,2.91,100.0
326,1687500.0,6.9,6.0,2.96,25.0
327,1687500.0,5.3,6.0,1.93,25.0
328,1687500.0,6.1,5.0,1.15,25.0
329,1687500.0,9.56,6.0,6.73,25.0
330,1687500.0,11.22,,,100.0
331,1687500.0,9.37,5.0,3.6,25.0
332,1687500.0,19.36,6.0,10.7,
333,1673000.0,6.3,3.0,2.01,25.0
334,1673000.0,10.18,7.0,2.06,50.0
335,1673000.0,32.1,6.0,48.0,100.0
336,1673000.0,11.55,,2.17,100.0
337,1673000.0,6.75,5.0,2.69,25.0
338,1673000.0,8.7,6.0,2.09,50.0
339,1625000.0,6.8,6.0,1.11,
340,1625000.0,5.9,6.0,3.01,
341,1625000.0,10.1,5.0,8.61,25.0
342,1625000.0,16.2,7.0,16.28,25.0
343,1625000.0,29.2,7.0,,50.0
344,1625000.0,16.3,8.0,16.75,25.0
345,1625000.0,21.5,13.0,6.35,25.0
346,1625000.0,6.2,7.0,4.77,25.0
347,1625000.0,8.4,6.0,2.75,50.0
348,1625000.0,19.2,5.0,3.0,25.0
349,1625000.0,4.1,6.0,3.79,
350,1625000.0,5.1,7.0,1.6,25.0
351,1625000.0,5.1,5.0,1.04,25.0
352,1625000.0,20.3,7.0,3.92,50.0
353,1625000.0,7.2,7.0,4.24,25.0
354,1625000.0,8.1,4.0,,100.0
355,1625000.0,14.0,6.0,25.0,25.0
356,1625000.0,15.2,6.0,3.01,100.0
357,1625000.0,16.4,,16.75,50.0
358,1625000.0,15.6,,14.83,25.0
359,1625000.0,5.3,5.0,4.04,25.0
360,1625000.0,20.2,,,
361,1625000.0,11.6,8.0,8.0,50.0
362,1625000.0,6.5,,,25.0
363,1625000.0,6.5,6.0,5.06,100.0
364,1625000.0,9.57,8.0,2.69,25.0
365,1625000.0,,4.0,,50.0
366,1625000.0,5.7,6.0,2.75,25.0
367,1625000.0,17.2,7.0,5.01,25.0
368,1625000.0,7.17,6.0,7.41,25.0
369,1625000.0,20.84,6.0,29.3,25.0
370,1625000.0,6.15,6.0,3.02,25.0
371,1625000.0,4.1,6.0,1.11,50.0
372,1625000.0,7.88,6.0,6.8,25.0
373,1613250.0,6.6,6.0,2.01,50.0
374,1562500.0,10.7,6.0,2.32,50.0
375,1562500.0,10.7,7.0,2.47,25.0
376,1562500.0,9.4,8.0,7.0,25.0
377,1562500.0,4.81,11.0,3.78,25.0
378,1562500.0,10.8,5.0,3.0,50.0
379,1562500.0,11.6,,2.58,75.0
380,1562500.0,6.74,8.0,4.01,100.0
381,1562500.0,11.42,8.0,2.06,25.0
382,1562500.0,5.43,7.0,5.95,25.0
383,1562500.0,4.8,7.0,1.51,25.0
384,1553500.0,6.58,6.0,5.0,25.0
385,1553500.0,11.5,5.0,23.36,25.0
386,1553500.0,29.0,4.0,14.35,100.0
387,1553500.0,12.15,7.0,4.5,50.0
388,1553500.0,16.65,7.0,13.69,25.0
389,1553500.0,6.97,5.0,1.51,25.0
390,1553500.0,11.9,5.0,5.35,50.0
391,1553500.0,5.2,5.0,4.0,25.0
392,1550000.0,7.3,5.0,8.1,25.0
393,1500000.0,4.5,6.0,4.1,25.0
394,1500000.0,8.5,,2.35,100.0
395,1500000.0,15.6,6.0,22.0,25.0
396,1500000.0,9.5,6.0,7.8,25.0
397,1500000.0,25.7,7.0,20.25,25.0
398,1500000.0,41.3,9.0,4.0,100.0
399,1500000.0,10.1,7.0,11.87,100.0
400,1500000.0,17.6,7.0,2.45,
401,1500000.0,7.3,6.0,3.4,50.0
402,1500000.0,3.5,6.0,0.7,25.0
403,1500000.0,9.7,5.0,2.01,50.0
404,1500000.0,7.8,6.0,3.37,75.0
405,1500000.0,9.0,6.0,2.03,50.0
406,1500000.0,7.4,5.0,3.58,
407,1500000.0,8.02,6.0,6.5,25.0
408,1500000.0,14.02,4.0,5.02,75.0
409,1000.0,9.9,4.0,,25.0
410,2125000.0,10.4,5.0,15.67,100.0
411,2062500.0,7.4,6.0,3.38,25.0
412,2062500.0,20.7,9.0,4.63,100.0
413,2062500.0,5.1,,3.58,25.0
414,2062500.0,2.85,5.0,1.98,25.0
415,2031500.0,8.4,7.0,3.0,25.0
416,2031500.0,14.8,6.0,3.7,75.0
417,2031500.0,7.2,4.0,3.73,25.0
418,2031500.0,6.0,,5.0,25.0
419,2031500.0,10.0,,8.0,
420,2000000.0,8.1,6.0,4.53,25.0
421,2000000.0,5.2,7.0,2.36,25.0
422,2000000.0,20.4,8.0,5.01,100.0
423,2000000.0,7.9,5.0,6.27,25.0
424,2000000.0,11.8,,5.01,100.0
425,2000000.0,34.8,9.0,6.19,25.0
426,2000000.0,7.6,5.0,6.88,25.0
427,2000000.0,4.9,3.0,3.31,25.0
428,2000000.0,5.0,6.0,2.91,25.0
429,2000000.0,5.8,6.0,4.0,50.0
430,2000000.0,,,,
431,2000000.0,24.2,7.0,24.0,75.0
432,2000000.0,10.2,6.0,10.57,25.0
433,2000000.0,12.26,6.0,18.46,25.0
434,2000000.0,5.35,7.0,4.17,25.0
435,2000000.0,7.0,6.0,4.35,25.0
436,2000000.0,4.15,6.0,3.74,25.0
437,2000000.0,43.1,5.0,16.0,100.0
438,2000000.0,,6.0,,50.0
439,2000000.0,3.96,5.0,7.98,25.0
440,2000000.0,14.7,,11.0,100.0
441,2000000.0,7.45,7.0,2.38,50.0
442,2000000.0,7.5,7.0,2.15,25.0
443,1937500.0,8.9,5.0,4.01,25.0
444,1937500.0,8.17,5.0,2.02,
445,1937500.0,5.0,6.0,1.85,
446,1937500.0,9.5,6.0,3.54,50.0
447,1912000.0,3.4,5.0,4.6,25.0
448,1912000.0,19.3,7.0,14.26,50.0
449,1912000.0,13.0,6.0,10.77,50.0
450,1912000.0,12.74,9.0,3.36,25.0
451,1912000.0,12.4,7.0,3.45,
452,1900000.0,6.2,,2.75,25.0
453,1875000.0,3.81,5.0,1.21,25.0
454,1875000.0,13.8,10.0,4.01,50.0
455,1875000.0,7.1,,7.28,75.0
456,1875000.0,4.9,7.0,3.28,25.0
457,1875000.0,16.0,6.0,3.02,50.0
458,1875000.0,9.4,6.0,10.83,25.0
459,1875000.0,13.8,6.0,9.55,25.0
460,1875000.0,17.1,7.0,10.35,50.0
461,1875000.0,11.1,7.0,15.81,25.0
462,1875000.0,51.8,10.0,15.68,25.0
463,1875000.0,7.2,6.0,3.42,25.0
464,1875000.0,9.0,5.0,3.03,25.0
465,1875000.0,6.4,5.0,,50.0
466,1875000.0,7.7,7.0,4.03,75.0
467,1875000.0,29.2,11.0,3.05,25.0
468,1875000.0,6.9,,7.3,25.0
469,1875000.0,15.4,9.0,2.02,75.0
470,1875000.0,11.1,7.0,10.17,25.0
471,1875000.0,13.52,,17.2,25.0
472,1875000.0,4.03,7.0,6.16,25.0
473,1875000.0,6.6,7.0,1.92,50.0
474,1875000.0,4.17,7.0,3.95,25.0
475,1875000.0,17.6,7.0,25.6,25.0
476,1875000.0,21.44,,31.68,100.0
477,1875000.0,10.5,6.0,17.15,25.0
478,1875000.0,14.4,7.0,9.9,100.0
479,1875000.0,10.4,5.0,3.52,50.0
480,1875000.0,10.4,5.0,3.52,50.0
481,1875000.0,5.86,6.0,3.53,25.0
482,1875000.0,8.92,6.0,5.69,25.0
483,1875000.0,7.9,7.0,8.24,25.0
484,1875000.0,7.6,6.0,4.68,25.0
485,1875000.0,6.4,,2.56,25.0
486,1875000.0,,7.0,,25.0
487,1875000.0,8.9,6.0,7.75,25.0
488,1875000.0,6.3,4.0,2.06,25.0
489,1875000.0,21.44,,31.68,100.0
490,1875000.0,,7.0,,50.0
491,1875000.0,12.48,7.0,13.0,25.0
492,1875000.0,12.43,6.0,11.15,100.0
493,1852250.0,13.7,4.0,13.1,50.0
494,1812500.0,5.0,5.0,2.64,25.0
495,1812500.0,7.44,,3.96,25.0
496,1800000.0,10.0,5.0,2.65,100.0
497,1800000.0,14.3,,12.27,50.0
498,1800000.0,14.3,6.0,2.26,25.0
499,1792500.0,17.2,7.0,5.0,
500,1792500.0,6.2,5.0,3.0,50.0
501,1750000.0,6.9,8.0,4.01,25.0
502,1750000.0,7.4,7.0,2.75,25.0
503,1750000.0,44.6,8.0,5.08,25.0
504,1750000.0,6.0,6.0,1.85,25.0
505,1750000.0,5.3,6.0,1.95,25.0
506,1750000.0,14.1,7.0,,50.0
507,1750000.0,5.3,6.0,2.0,25.0
508,1750000.0,33.0,6.0,5.0,
509,1750000.0,6.4,7.0,2.51,
510,1750000.0,6.2,5.0,3.01,25.0
511,1750000.0,8.6,5.0,1.5,25.0
512,1750000.0,5.57,6.0,2.4,25.0
513,1750000.0,4.47,7.0,2.58,25.0
514,1750000.0,10.3,6.0,3.7,50.0
515,1750000.0,5.0,4.0,2.04,25.0
516,1750000.0,4.81,11.0,3.78,25.0
517,1750000.0,3.3,6.0,3.01,25.0
518,1750000.0,9.5,,,25.0
519,1750000.0,8.7,6.0,2.41,25.0
520,1750000.0,,5.0,,25.0
521,1750000.0,9.2,6.0,2.25,50.0
522,1750000.0,10.93,6.0,7.64,100.0
523,1750000.0,16.9,6.0,40.0,25.0
524,1750000.0,15.09,5.0,2.53,75.0
525,1750000.0,10.4,,,50.0
526,1750000.0,8.0,6.0,3.05,100.0
527,1700000.0,18.3,6.0,22.6,25.0
528,1687500.0,58.62,,2.51,
529,1687500.0,6.1,6.0,5.1,25.0
530,1687500.0,7.3,,2.91,100.0
531,1687500.0,6.9,6.0,2.96,25.0
532,1687500.0,5.3,6.0,1.93,25.0
533,1687500.0,6.1,5.0,1.15,25.0
534,1687500.0,9.56,6.0,6.73,25.0
535,1687500.0,11.22,,,100.0
536,1687500.0,9.37,5.0,3.6,25.0
537,1687500.0,19.36,6.0,10.7,
538,1673000.0,6.3,3.0,2.01,25.0
539,1673000.0,10.18,7.0,2.06,50.0
540,1673000.0,32.1,6.0,48.0,100.0
541,1673000.0,11.55,,2.17,100.0
542,1673000.0,6.75,5.0,2.69,25.0
543,1673000.0,8.7,6.0,2.09,50.0
544,1625000.0,6.8,6.0,1.11,
545,1625000.0,5.9,6.0,3.01,
546,1625000.0,10.1,5.0,8.61,25.0
547,1625000.0,16.2,7.0,16.28,25.0
548,1625000.0,29.2,7.0,,50.0
549,1625000.0,16.3,8.0,16.75,25.0
550,1625000.0,21.5,13.0,6.35,25.0
551,1625000.0,6.2,7.0,4.77,25.0
552,1625000.0,8.4,6.0,2.75,50.0
553,1625000.0,19.2,5.0,3.0,25.0
554,1625000.0,4.1,6.0,3.79,
555,1625000.0,5.1,7.0,1.6,25.0
556,1625000.0,5.1,5.0,1.04,25.0
557,1625000.0,20.3,7.0,3.92,50.0
558,1625000.0,7.2,7.0,4.24,25.0
559,1625000.0,8.1,4.0,,100.0
560,1625000.0,14.0,6.0,25.0,25.0
561,1625000.0,15.2,6.0,3.01,100.0
562,1625000.0,16.4,,16.75,50.0
563,1625000.0,15.6,,14.83,25.0
564,1625000.0,5.3,5.0,4.04,25.0
565,1625000.0,20.2,,,
566,1625000.0,11.6,8.0,8.0,50.0
567,1625000.0,6.5,,,25.0
568,1625000.0,6.5,6.0,5.06,100.0
569,1625000.0,9.57,8.0,2.69,25.0
570,1625000.0,,4.0,,50.0
571,1625000.0,5.7,6.0,2.75,25.0
572,1625000.0,17.2,7.0,5.01,25.0
573,1625000.0,7.17,6.0,7.41,25.0
574,1625000.0,20.84,6.0,29.3,25.0
575,1625000.0,6.15,6.0,3.02,25.0
576,1625000.0,4.1,6.0,1.11,50.0
577,1625000.0,7.88,6.0,6.8,25.0
578,1613250.0,6.6,6.0,2.01,50.0
579,1562500.0,10.7,6.0,2.32,50.0
580,1562500.0,10.7,7.0,2.47,25.0
581,1562500.0,9.4,8.0,7.0,25.0
582,1562500.0,4.81,11.0,3.78,25.0
583,1562500.0,10.8,5.0,3.0,50.0
584,1562500.0,11.6,,2.58,75.0
585,1562500.0,6.74,8.0,4.01,100.0
586,1562500.0,11.42,8.0,2.06,25.0
587,1562500.0,5.43,7.0,5.95,25.0
588,1562500.0,4.8,7.0,1.51,25.0
589,1553500.0,6.58,6.0,5.0,25.0
590,1553500.0,11.5,5.0,23.36,25.0
591,1553500.0,29.0,4.0,14.35,100.0
592,1553500.0,12.15,7.0,4.5,50.0
593,1553500.0,16.65,7.0,13.69,25.0
594,1553500.0,6.97,5.0,1.51,25.0
595,1553500.0,11.9,5.0,5.35,50.0
596,1553500.0,5.2,5.0,4.0,25.0
597,1550000.0,7.3,5.0,8.1,25.0
598,1500000.0,4.5,6.0,4.1,25.0
599,1500000.0,8.5,,2.35,100.0
600,1500000.0,15.6,6.0,22.0,25.0
601,1500000.0,9.5,6.0,7.8,25.0
602,1500000.0,25.7,7.0,20.25,25.0
603,1500000.0,41.3,9.0,4.0,100.0
604,1500000.0,10.1,7.0,11.87,100.0
605,1500000.0,17.6,7.0,2.45,
606,1500000.0,7.3,6.0,3.4,50.0
607,1500000.0,3.5,6.0,0.7,25.0
608,1500000.0,9.7,5.0,2.01,50.0
609,1500000.0,7.8,6.0,3.37,75.0
610,1500000.0,9.0,6.0,2.03,50.0
611,1500000.0,7.4,5.0,3.58,
612,1500000.0,8.02,6.0,6.5,25.0
613,1500000.0,14.02,4.0,5.02,75.0
614,1000.0,9.9,4.0,,25.0
615,2125000.0,10.4,5.0,15.67,100.0
616,2062500.0,7.4,6.0,3.38,25.0
617,2062500.0,20.7,9.0,4.63,100.0
618,2062500.0,5.1,,3.58,25.0
619,2062500.0,2.85,5.0,1.98,25.0
620,2031500.0,8.4,7.0,3.0,25.0
621,2031500.0,14.8,6.0,3.7,75.0
622,2031500.0,7.2,4.0,3.73,25.0
623,2031500.0,6.0,,5.0,25.0
624,2031500.0,10.0,,8.0,
625,2000000.0,8.1,6.0,4.53,25.0
626,2000000.0,5.2,7.0,2.36,25.0
627,2000000.0,20.4,8.0,5.01,100.0
628,2000000.0,7.9,5.0,6.27,25.0
629,2000000.0,11.8,,5.01,100.0
630,2000000.0,34.8,9.0,6.19,25.0
631,2000000.0,7.6,5.0,6.88,25.0
632,2000000.0,4.9,3.0,3.31,25.0
633,2000000.0,5.0,6.0,2.91,25.0
634,2000000.0,5.8,6.0,4.0,50.0
635,2000000.0,,,,
636,2000000.0,24.2,7.0,24.0,75.0
637,2000000.0,10.2,6.0,10.57,25.0
638,2000000.0,12.26,6.0,18.46,25.0
639,2000000.0,5.35,7.0,4.17,25.0
640,2000000.0,7.0,6.0,4.35,25.0
641,2000000.0,4.15,6.0,3.74,25.0
642,2000000.0,43.1,5.0,16.0,100.0
643,2000000.0,,6.0,,50.0
644,2000000.0,3.96,5.0,7.98,25.0
645,2000000.0,14.7,,11.0,100.0
646,2000000.0,7.45,7.0,2.38,50.0
647,2000000.0,7.5,7.0,2.15,25.0
648,1937500.0,8.9,5.0,4.01,25.0
649,1937500.0,8.17,5.0,2.02,
650,1937500.0,5.0,6.0,1.85,
651,1937500.0,9.5,6.0,3.54,50.0
652,1912000.0,3.4,5.0,4.6,25.0
653,1912000.0,19.3,7.0,14.26,50.0
654,1912000.0,13.0,6.0,10.77,50.0
655,1912000.0,12.74,9.0,3.36,25.0
656,1912000.0,12.4,7.0,3.45,
657,1900000.0,6.2,,2.75,25.0
658,1875000.0,3.81,5.0,1.21,25.0
659,1875000.0,13.8,10.0,4.01,50.0
660,1875000.0,7.1,,7.28,75.0
661,1875000.0,4.9,7.0,3.28,25.0
662,1875000.0,16.0,6.0,3.02,50.0
663,1875000.0,9.4,6.0,10.83,25.0
664,1875000.0,13.8,6.0,9.55,25.0
665,1875000.0,17.1,7.0,10.35,50.0
666,1875000.0,11.1,7.0,15.81,25.0
667,1875000.0,51.8,10.0,15.68,25.0
668,1875000.0,7.2,6.0,3.42,25.0
669,1875000.0,9.0,5.0,3.03,25.0
670,1875000.0,6.4,5.0,,50.0
671,1875000.0,7.7,7.0,4.03,75.0
672,1875000.0,29.2,11.0,3.05,25.0
673,1875000.0,6.9,,7.3,25.0
674,1875000.0,15.4,9.0,2.02,75.0
675,1875000.0,11.1,7.0,10.17,25.0
676,1875000.0,13.52,,17.2,25.0
677,1875000.0,4.03,7.0,6.16,25.0
678,1875000.0,6.6,7.0,1.92,50.0
679,1875000.0,4.17,7.0,3.95,25.0
680,1875000.0,17.6,7.0,25.6,25.0
681,1875000.0,21.44,,31.68,100.0
682,1875000.0,10.5,6.0,17.15,25.0
683,1875000.0,14.4,7.0,9.9,100.0
684,1875000.0,10.4,5.0,3.52,50.0
685,1875000.0,10.4,5.0,3.52,50.0
686,1875000.0,5.86,6.0,3.53,25.0
687,1875000.0,8.92,6.0,5.69,25.0
688,1875000.0,7.9,7.0,8.24,25.0
689,1875000.0,7.6,6.0,4.68,25.0
690,1875000.0,6.4,,2.56,25.0
691,1875000.0,,7.0,,25.0
692,1875000.0,8.9,6.0,7.75,25.0
693,1875000.0,6.3,4.0,2.06,25.0
694,1875000.0,21.44,,31.68,100.0
695,1875000.0,,7.0,,50.0
696,1875000.0,12.48,7.0,13.0,25.0
697,1875000.0,12.43,6.0,11.15,100.0
698,1852250.0,13.7,4.0,13.1,50.0
699,1812500.0,5.0,5.0,2.64,25.0
700,1812500.0,7.44,,3.96,25.0
701,1800000.0,10.0,5.0,2.65,100.0
702,1800000.0,14.3,,12.27,50.0
703,1800000.0,14.3,6.0,2.26,25.0
704,1792500.0,17.2,7.0,5.0,
705,1792500.0,6.2,5.0,3.0,50.0
706,1750000.0,6.9,8.0,4.01,25.0
707,1750000.0,7.4,7.0,2.75,25.0
708,1750000.0,44.6,8.0,5.08,25.0
709,1750000.0,6.0,6.0,1.85,25.0
710,1750000.0,5.3,6.0,1.95,25.0
711,1750000.0,14.1,7.0,,50.0
712,1750000.0,5.3,6.0,2.0,25.0
713,1750000.0,33.0,6.0,5.0,
714,1750000.0,6.4,7.0,2.51,
715,1750000.0,6.2,5.0,3.01,25.0
716,1750000.0,8.6,5.0,1.5,25.0
717,1750000.0,5.57,6.0,2.4,25.0
718,1750000.0,4.47,7.0,2.58,25.0
719,1750000.0,10.3,6.0,3.7,50.0
720,1750000.0,5.0,4.0,2.04,25.0
721,1750000.0,4.81,11.0,3.78,25.0
722,1750000.0,3.3,6.0,3.01,25.0
723,1750000.0,9.5,,,25.0
724,1750000.0,8.7,6.0,2.41,25.0
725,1750000.0,,5.0,,25.0
726,1750000.0,9.2,6.0,2.25,50.0
727,1750000.0,10.93,6.0,7.64,100.0
728,1750000.0,16.9,6.0,40.0,25.0
729,1750000.0,15.09,5.0,2.53,75.0
730,1750000.0,10.4,,,50.0
731,1750000.0,8.0,6.0,3.05,100.0
732,1700000.0,18.3,6.0,22.6,25.0
733,1687500.0,58.62,,2.51,
734,1687500.0,6.1,6.0,5.1,25.0
735,1687500.0,7.3,,2.91,100.0
736,1687500.0,6.9,6.0,2.96,25.0
737,1687500.0,5.3,6.0,1.93,25.0
738,1687500.0,6.1,5.0,1.15,25.0
739,1687500.0,9.56,6.0,6.73,25.0
740,1687500.0,11.22,,,100.0
741,1687500.0,9.37,5.0,3.6,25.0
742,1687500.0,19.36,6.0,10.7,
743,1673000.0,6.3,3.0,2.01,25.0
744,1673000.0,10.18,7.0,2.06,50.0
745,1673000.0,32.1,6.0,48.0,100.0
746,1673000.0,11.55,,2.17,100.0
747,1673000.0,6.75,5.0,2.69,25.0
748,1673000.0,8.7,6.0,2.09,50.0
749,1625000.0,6.8,6.0,1.11,
750,1625000.0,5.9,6.0,3.01,
751,1625000.0,10.1,5.0,8.61,25.0
752,1625000.0,16.2,7.0,16.28,25.0
753,1625000.0,29.2,7.0,,50.0
754,1625000.0,16.3,8.0,16.75,25.0
755,1625000.0,21.5,13.0,6.35,25.0
756,1625000.0,6.2,7.0,4.77,25.0
757,1625000.0,8.4,6.0,2.75,50.0
758,1625000.0,19.2,5.0,3.0,25.0
759,1625000.0,4.1,6.0,3.79,
760,1625000.0,5.1,7.0,1.6,25.0
761,1625000.0,5.1,5.0,1.04,25.0
762,1625000.0,20.3,7.0,3.92,50.0
763,1625000.0,7.2,7.0,4.24,25.0
764,1625000.0,8.1,4.0,,100.0
765,1625000.0,14.0,6.0,25.0,25.0
766,1625000.0,15.2,6.0,3.01,100.0
767,1625000.0,16.4,,16.75,50.0
768,1625000.0,15.6,,14.83,25.0
769,1625000.0,5.3,5.0,4.04,25.0
770,1625000.0,20.2,,,
771,1625000.0,11.6,8.0,8.0,50.0
772,1625000.0,6.5,,,25.0
773,1625000.0,6.5,6.0,5.06,100.0
774,1625000.0,9.57,8.0,2.69,25.0
775,1625000.0,,4.0,,50.0
776,1625000.0,5.7,6.0,2.75,25.0
777,1625000.0,17.2,7.0,5.01,25.0
778,1625000.0,7.17,6.0,7.41,25.0
779,1625000.0,20.84,6.0,29.3,25.0
780,1625000.0,6.15,6.0,3.02,25.0
781,1625000.0,4.1,6.0,1.11,50.0
782,1625000.0,7.88,6.0,6.8,25.0
783,1613250.0,6.6,6.0,2.01,50.0
784,1562500.0,10.7,6.0,2.32,50.0
785,1562500.0,10.7,7.0,2.47,25.0
786,1562500.0,9.4,8.0,7.0,25.0
787,1562500.0,4.81,11.0,3.78,25.0
788,1562500.0,10.8,5.0,3.0,50.0
789,1562500.0,11.6,,2.58,75.0
790,1562500.0,6.74,8.0,4.01,100.0
791,1562500.0,11.42,8.0,2.06,25.0
792,1562500.0,5.43,7.0,5.95,25.0
793,1562500.0,4.8,7.0,1.51,25.0
794,1553500.0,6.58,6.0,5.0,25.0
795,1553500.0,11.5,5.0,23.36,25.0
796,1553500.0,29.0,4.0,14.35,100.0
797,1553500.0,12.15,7.0,4.5,50.0
798,1553500.0,16.65,7.0,13.69,25.0
799,1553500.0,6.97,5.0,1.51,25.0
800,1553500.0,11.9,5.0,5.35,50.0
801,1553500.0,5.2,5.0,4.0,25.0
802,1550000.0,7.3,5.0,8.1,25.0
803,1500000.0,4.5,6.0,4.1,25.0
804,1500000.0,8.5,,2.35,100.0
805,1500000.0,15.6,6.0,22.0,25.0
806,1500000.0,9.5,6.0,7.8,25.0
807,1500000.0,25.7,7.0,20.25,25.0
808,1500000.0,41.3,9.0,4.0,100.0
809,1500000.0,10.1,7.0,11.87,100.0
810,1500000.0,17.6,7.0,2.45,
811,1500000.0,7.3,6.0,3.4,50.0
812,1500000.0,3.5,6.0,0.7,25.0
813,1500000.0,9.7,5.0,2.01,50.0
814,1500000.0,7.8,6.0,3.37,75.0
815,1500000.0,9.0,6.0,2.03,50.0
816,1500000.0,7.4,5.0,3.58,
817,1500000.0,8.02,6.0,6.5,25.0
818,1500000.0,14.02,4.0,5.02,75.0
819,1000.0,9.9,4.0,,25.0
820,2125000.0,10.4,5.0,15.67,100.0
821,2062500.0,7.4,6.0,3.38,25.0
822,2062500.0,20.7,9.0,4.63,100.0
823,2062500.0,5.1,,3.58,25.0
824,2062500.0,2.85,5.0,1.98,25.0
825,2031500.0,8.4,7.0,3.0,25.0
826,2031500.0,14.8,6.0,3.7,75.0
827,2031500.0,7.2,4.0,3.73,25.0
828,2031500.0,6.0,,5.0,25.0
829,2031500.0,10.0,,8.0,
830,2000000.0,8.1,6.0,4.53,25.0
831,2000000.0,5.2,7.0,2.36,25.0
832,2000000.0,20.4,8.0,5.01,100.0
833,2000000.0,7.9,5.0,6.27,25.0
834,2000000.0,11.8,,5.01,100.0
835,2000000.0,34.8,9.0,6.19,25.0
836,2000000.0,7.6,5.0,6.88,25.0
837,2000000.0,4.9,3.0,3.31,25.0
838,2000000.0,5.0,6.0,2.91,25.0
839,2000000.0,5.8,6.0,4.0,50.0
840,2000000.0,,,,
841,2000000.0,24.2,7.0,24.0,75.0
842,2000000.0,10.2,6.0,10.57,25.0
843,2000000.0,12.26,6.0,18.46,25.0
844,2000000.0,5.35,7.0,4.17,25.0
845,2000000.0,7.0,6.0,4.35,25.0
846,2000000.0,4.15,6.0,3.74,25.0
847,2000000.0,43.1,5.0,16.0,100.0
848,2000000.0,,6.0,,50.0
849,2000000.0,3.96,5.0,7.98,25.0
850,2000000.0,14.7,,11.0,100.0
851,2000000.0,7.45,7.0,2.38,50.0
852,2000000.0,7.5,7.0,2.15,25.0
853,1937500.0,8.9,5.0,4.01,25.0
854,1937500.0,8.17,5.0,2.02,
855,1937500.0,5.0,6.0,1.85,
856,1937500.0,9.5,6.0,3.54,50.0
857,1912000.0,3.4,5.0,4.6,25.0
858,1912000.0,19.3,7.0,14.26,50.0
859,1912000.0,13.0,6.0,10.77,50.0
860,1912000.0,12.74,9.0,3.36,25.0
861,1912000.0,12.4,7.0,3.45,
862,1900000.0,6.2,,2.75,25.0
863,1875000.0,3.81,5.0,1.21,25.0
864,1875000.0,13.8,10.0,4.01,50.0
865,1875000.0,7.1,,7.28,75.0
866,1875000.0,4.9,7.0,3.28,25.0
867,1875000.0,16.0,6.0,3.02,50.0
868,1875000.0,9.4,6.0,10.83,25.0
869,1875000.0,13.8,6.0,9.55,25.0
870,1875000.0,17.1,7.0,10.35,50.0
871,1875000.0,11.1,7.0,15.81,25.0
872,1875000.0,51.8,10.0,15.68,25.0
873,1875000.0,7.2,6.0,3.42,25.0
874,1875000.0,9.0,5.0,3.03,25.0
875,1875000.0,6.4,5.0,,50.0
876,1875000.0,7.7,7.0,4.03,75.0
877,1875000.0,29.2,11.0,3.05,25.0
878,1875000.0,6.9,,7.3,25.0
879,1875000.0,15.4,9.0,2.02,75.0
880,1875000.0,11.1,7.0,10.17,25.0
881,1875000.0,13.52,,17.2,25.0
882,1875000.0,4.03,7.0,6.16,25.0
883,1875000.0,6.6,7.0,1.92,50.0
884,1875000.0,4.17,7.0,3.95,25.0
885,1875000.0,17.6,7.0,25.6,25.0
886,1875000.0,21.44,,31.68,100.0
887,1875000.0,10.5,6.0,17.15,25.0
888,1875000.0,14.4,7.0,9.9,100.0
889,1875000.0,10.4,5.0,3.52,50.0
890,1875000.0,10.4,5.0,3.52,50.0
891,1875000.0,5.86,6.0,3.53,25.0
892,1875000.0,8.92,6.0,5.69,25.0
893,1875000.0,7.9,7.0,8.24,25.0
894,1875000.0,7.6,6.0,4.68,25.0
895,1875000.0,6.4,,2.56,25.0
896,1875000.0,,7.0,,25.0
897,1875000.0,8.9,6.0,7.75,25.0
898,1875000.0,6.3,4.0,2.06,25.0
899,1875000.0,21.44,,31.68,100.0
900,1875000.0,,7.0,,50.0
901,1875000.0,12.48,7.0,13.0,25.0
902,1875000.0,12.43,6.0,11.15,100.0
903,1852250.0,13.7,4.0,13.1,50.0
904,1812500.0,5.0,5.0,2.64,25.0
905,1812500.0,7.44,,3.96,25.0
906,1800000.0,10.0,5.0,2.65,100.0
907,1800000.0,14.3,,12.27,50.0
908,1800000.0,14.3,6.0,2.26,25.0
909,1792500.0,17.2,7.0,5.0,
910,1792500.0,6.2,5.0,3.0,50.0
911,1750000.0,6.9,8.0,4.01,25.0
912,1750000.0,7.4,7.0,2.75,25.0
913,1750000.0,44.6,8.0,5.08,25.0
914,1750000.0,6.0,6.0,1.85,25.0
915,1750000.0,5.3,6.0,1.95,25.0
916,1750000.0,14.1,7.0,,50.0
917,1750000.0,5.3,6.0,2.0,25.0
918,1750000.0,33.0,6.0,5.0,
919,1750000.0,6.4,7.0,2.51,
920,1750000.0,6.2,5.0,3.01,25.0
921,1750000.0,8.6,5.0,1.5,25.0
922,1750000.0,5.57,6.0,2.4,25.0
923,1750000.0,4.47,7.0,2.58,25.0
924,1750000.0,10.3,6.0,3.7,50.0
925,1750000.0,5.0,4.0,2.04,25.0
926,1750000.0,4.81,11.0,3.78,25.0
927,1750000.0,3.3,6.0,3.01,25.0
928,1750000.0,9.5,,,25.0
929,1750000.0,8.7,6.0,2.41,25.0
930,1750000.0,,5.0,,25.0
931,1750000.0,9.2,6.0,2.25,50.0
932,1750000.0,10.93,6.0,7.64,100.0
933,1750000.0,16.9,6.0,40.0,25.0
934,1750000.0,15.09,5.0,2.53,75.0
935,1750000.0,10.4,,,50.0
936,1750000.0,8.0,6.0,3.05,100.0
937,1700000.0,18.3,6.0,22.6,25.0
938,1687500.0,58.62,,2.51,
939,1687500.0,6.1,6.0,5.1,25.0
940,1687500.0,7.3,,2.91,100.0
941,1687500.0,6.9,6.0,2.96,25.0
942,1687500.0,5.3,6.0,1.93,25.0
943,1687500.0,6.1,5.0,1.15,25.0
944,1687500.0,9.56,6.0,6.73,25.0
945,1687500.0,11.22,,,100.0
946,1687500.0,9.37,5.0,3.6,25.0
947,1687500.0,19.36,6.0,10.7,
948,1673000.0,6.3,3.0,2.01,25.0
949,1673000.0,10.18,7.0,2.06,50.0
950,1673000.0,32.1,6.0,48.0,100.0
951,1673000.0,11.55,,2.17,100.0
952,1673000.0,6.75,5.0,2.69,25.0
953,1673000.0,8.7,6.0,2.09,50.0
954,1625000.0,6.8,6.0,1.11,
955,1625000.0,5.9,6.0,3.01,
956,1625000.0,10.1,5.0,8.61,25.0
957,1625000.0,16.2,7.0,16.28,25.0
958,1625000.0,29.2,7.0,,50.0
959,1625000.0,16.3,8.0,16.75,25.0
960,1625000.0,21.5,13.0,6.35,25.0
961,1625000.0,6.2,7.0,4.77,25.0
962,1625000.0,8.4,6.0,2.75,50.0
963,1625000.0,19.2,5.0,3.0,25.0
964,1625000.0,4.1,6.0,3.79,
965,1625000.0,5.1,7.0,1.6,25.0
966,1625000.0,5.1,5.0,1.04,25.0
967,1625000.0,20.3,7.0,3.92,50.0
968,1625000.0,7.2,7.0,4.24,25.0
969,1625000.0,8.1,4.0,,100.0
970,1625000.0,14.0,6.0,25.0,25.0
971,1625000.0,15.2,6.0,3.01,100.0
972,1625000.0,16.4,,16.75,50.0
973,1625000.0,15.6,,14.83,25.0
974,1625000.0,5.3,5.0,4.04,25.0
975,1625000.0,20.2,,,
976,1625000.0,11.6,8.0,8.0,50.0
977,1625000.0,6.5,,,25.0
978,1625000.0,6.5,6.0,5.06,100.0
979,1625000.0,9.57,8.0,2.69,25.0
980,1625000.0,,4.0,,50.0
981,1625000.0,5.7,6.0,2.75,25.0
982,1625000.0,17.2,7.0,5.01,25.0
983,1625000.0,7.17,6.0,7.41,25.0
984,1625000.0,20.84,6.0,29.3,25.0
985,1625000.0,6.15,6.0,3.02,25.0
986,1625000.0,4.1,6.0,1.11,50.0
987,1625000.0,7.88,6.0,6.8,25.0
988,1613250.0,6.6,6.0,2.01,50.0
989,1562500.0,10.7,6.0,2.32,50.0
990,1562500.0,10.7,7.0,2.47,25.0
991,1562500.0,9.4,8.0,7.0,25.0
992,1562500.0,4.81,11.0,3.78,25.0
993,1562500.0,10.8,5.0,3.0,50.0
994,1562500.0,11.6,,2.58,75.0
995,1562500.0,6.74,8.0,4.01,100.0
996,1562500.0,11.42,8.0,2.06,25.0
997,1562500.0,5.43,7.0,5.95,25.0
998,1562500.0,4.8,7.0,1.51,25.0
999,1553500.0,6.58,6.0,5.0,25.0
1000,1553500.0,11.5,5.0,23.36,25.0
1001,1553500.0,29.0,4.0,14.35,100.0
1002,1553500.0,12.15,7.0,4.5,50.0
1003,1553500.0,16.65,7.0,13.69,25.0
1004,1553500.0,6.97,5.0,1.51,25.0
1005,1553500.0,11.9,5.0,5.35,50.0
1006,1553500.0,5.2,5.0,4.0,25.0
1007,1550000.0,7.3,5.0,8.1,25.0
1008,1500000.0,4.5,6.0,4.1,25.0
1009,1500000.0,8.5,,2.35,100.0
1010,1500000.0,15.6,6.0,22.0,25.0
1011,1500000.0,9.5,6.0,7.8,25.0
1012,1500000.0,25.7,7.0,20.25,25.0
1013,1500000.0,41.3,9.0,4.0,100.0
1014,1500000.0,10.1,7.0,11.87,100.0
1015,1500000.0,17.6,7.0,2.45,
1016,1500000.0,7.3,6.0,3.4,50.0
1017,1500000.0,3.5,6.0,0.7,25.0
1018,1500000.0,9.7,5.0,2.01,50.0
1019,1500000.0,7.8,6.0,3.37,75.0
1020,1500000.0,9.0,6.0,2.03,50.0
1021,1500000.0,7.4,5.0,3.58,
1022,1500000.0,8.02,6.0,6.5,25.0
1023,1500000.0,14.02,4.0,5.02,75.0
1024,1000.0,9.9,4.0,,25.0
1025,1500000.0,11.4,5.0,,50.0
1026,1500000.0,6.2,4.0,5.15,50.0
1027,1500000.0,8.0,6.0,3.51,50.0
1028,1500000.0,37.0,6.0,,100.0
1029,1500000.0,27.1,7.0,14.7,100.0
1030,1500000.0,3.8,4.0,2.78,25.0
1031,1500000.0,8.7,6.0,7.5,50.0
1032,1500000.0,23.4,,,75.0
1033,1500000.0,5.1,6.0,2.74,25.0
1034,1500000.0,,5.0,,25.0
1035,1500000.0,4.7,7.0,3.0,
1036,1500000.0,11.3,8.0,9.23,25.0
1037,1500000.0,21.34,,12.0,25.0
1038,1500000.0,2.83,5.0,1.91,25.0
1039,1500000.0,4.4,8.0,2.26,25.0
1040,1500000.0,,,,25.0
1041,1500000.0,6.58,6.0,8.43,25.0
1042,1437500.0,4.3,6.0,1.25,
1043,1437500.0,6.5,5.0,2.35,100.0
1044,1437500.0,18.91,9.0,,25.0
1045,1437500.0,20.82,,,100.0
1046,1437500.0,7.3,6.0,3.95,50.0
1047,1437500.0,,6.0,,25.0
1048,1437500.0,8.0,6.0,1.52,100.0
1049,1434000.0,5.2,3.0,0.65,25.0
1050,1434000.0,7.5,,2.35,50.0
1051,1434000.0,13.55,6.0,7.14,
1052,1434000.0,7.65,6.0,2.01,75.0
1053,1434000.0,4.45,5.0,3.5,50.0
1054,1434000.0,4.8,6.0,2.35,25.0
1055,1434000.0,5.6,5.0,2.63,
1056,1434000.0,6.5,3.0,4.05,25.0
1057,1434000.0,23.2,11.0,3.35,
1058,1434000.0,17.3,,,
1059,1400000.0,7.1,5.0,5.15,25.0
1060,1400000.0,16.7,,12.85,25.0
1061,1400000.0,8.3,7.0,2.79,50.0
1062,1375000.0,10.9,7.0,4.04,25.0
1063,1375000.0,2.7,6.0,1.42,25.0
1064,1375000.0,23.0,6.0,26.96,25.0
1065,1375000.0,4.8,3.0,2.01,25.0
1066,1375000.0,5.1,4.0,3.8,25.0
1067,1375000.0,13.7,6.0,,25.0
1068,1375000.0,4.7,6.0,1.93,25.0
1069,1375000.0,8.1,5.0,3.4,25.0
1070,1375000.0,6.3,5.0,3.32,25.0
1071,1375000.0,7.3,5.0,3.55,50.0
1072,1375000.0,4.7,6.0,3.42,25.0
1073,1375000.0,6.1,5.0,1.95,25.0
1074,1375000.0,18.03,7.0,30.2,25.0
1075,1375000.0,20.5,8.0,13.04,25.0
1076,1375000.0,6.6,4.0,1.7,100.0
1077,1375000.0,17.6,,,25.0
1078,1375000.0,4.04,5.0,1.87,25.0
1079,1375000.0,5.6,6.0,2.43,50.0
1080,1375000.0,15.85,9.0,6.9,25.0
1081,1375000.0,10.0,5.0,2.3,25.0
1082,1375000.0,8.5,,3.15,75.0
1083,1375000.0,17.4,6.0,11.19,75.0
1084,1375000.0,8.0,,2.37,75.0
1085,1375000.0,4.9,4.0,2.53,25.0
1086,1375000.0,9.1,6.0,5.75,25.0
1087,1375000.0,10.3,6.0,1.08,25.0
1088,1375000.0,13.66,9.0,6.09,50.0
1089,1375000.0,7.02,4.0,5.5,25.0
1090,1375000.0,7.1,6.0,3.05,25.0
1091,1375000.0,14.2,,4.0,25.0
1092,1375000.0,8.9,6.0,4.31,25.0
1093,1375000.0,17.3,8.0,29.4,25.0
1094,1375000.0,9.8,11.0,3.39,25.0
1095,1375000.0,14.05,5.0,11.18,50.0
1096,1375000.0,5.7,6.0,3.25,25.0
1097,1375000.0,6.19,6.0,3.04,25.0
1098,1375000.0,,,,100.0
1099,1375000.0,,,,50.0
1100,1375000.0,24.94,4.0,,25.0
1101,1375000.0,2.87,5.0,1.09,25.0
1102,1375000.0,4.65,4.0,2.16,25.0
1103,1375000.0,8.38,6.0,2.32,100.0
1104,1375000.0,7.44,6.0,2.01,50.0
1105,1375000.0,3.8,5.0,2.11,50.0
1106,1374250.0,3.8,9.0,3.0,
1107,1344375.0,7.25,5.0,2.04,100.0
1108,1314500.0,10.7,9.0,3.54,25.0
1109,1314500.0,5.7,6.0,2.02,25.0
1110,1314500.0,13.75,6.0,3.6,50.0
1111,1314500.0,6.9,6.0,3.01,75.0
1112,1314500.0,6.7,4.0,6.0,25.0
1113,1314500.0,4.8,4.0,3.45,25.0
1114,1314500.0,5.9,5.0,2.07,25.0
1115,1312500.0,16.55,5.0,24.5,25.0
1116,1312500.0,26.3,,2.09,75.0
1117,1312500.0,8.7,4.0,3.1,50.0
1118,1312500.0,5.1,7.0,2.75,25.0
1119,1312500.0,4.8,5.0,3.01,25.0
1120,1312500.0,17.58,10.0,12.5,25.0
1121,1250000.0,12.2,6.0,3.95,25.0
1122,1250000.0,39.8,9.0,37.25,
1123,1250000.0,33.9,6.0,52.36,100.0
1124,1250000.0,10.6,6.0,3.73,25.0
1125,1250000.0,22.2,7.0,,100.0
1126,1250000.0,21.0,8.0,4.8,50.0
1127,1250000.0,18.5,8.0,2.03,25.0
1128,1250000.0,9.1,7.0,9.19,25.0
1129,1250000.0,13.09,8.0,4.5,25.0
1130,1250000.0,12.7,6.0,10.26,25.0
1131,1250000.0,18.6,5.0,20.18,100.0
1132,1250000.0,12.5,5.0,2.05,100.0
1133,1250000.0,8.6,5.0,5.25,50.0
1134,1250000.0,8.7,7.0,9.08,75.0
1135,1250000.0,22.2,11.0,3.02,
1136,1250000.0,15.1,5.0,4.5,25.0
1137,1250000.0,7.1,6.0,3.27,25.0
1138,1250000.0,8.3,5.0,6.38,25.0
1139,1250000.0,4.7,6.0,,25.0
1140,1250000.0,10.2,5.0,3.11,25.0
1141,1250000.0,8.9,6.0,12.01,100.0
1142,1250000.0,5.8,4.0,4.56,25.0
1143,1250000.0,4.7,6.0,1.85,25.0
1144,1250000.0,7.57,6.0,0.68,75.0
1145,1250000.0,10.18,5.0,1.73,25.0
1146,1250000.0,20.5,6.0,17.64,50.0
1147,1250000.0,6.58,6.0,8.43,25.0
1148,1250000.0,21.55,10.0,5.0,
1149,1250000.0,9.1,5.0,11.0,25.0
1150,1250000.0,7.0,6.0,2.0,50.0
1151,1250000.0,10.0,6.0,2.0,50.0
1152,1250000.0,7.9,11.0,3.0,25.0
1153,1250000.0,6.0,6.0,0.29,100.0
1154,1250000.0,8.7,6.0,2.57,75.0
1155,1225000.0,8.2,7.0,2.33,25.0
1156,1218750.0,3.3,4.0,1.85,25.0
1157,1200000.0,5.1,6.0,1.48,100.0
1158,1195000.0,26.95,5.0,,50.0
1159,1195000.0,16.27,7.0,7.0,50.0
1160,1195000.0,7.6,8.0,,25.0
1161,1195000.0,5.0,6.0,2.8,
1162,1195000.0,8.2,5.0,2.53,
1163,1194375.0,5.77,3.0,2.04,50.0
1164,1187500.0,17.5,,2.95,25.0
1165,1187500.0,6.3,,,25.0
1166,1187500.0,14.6,,4.75,25.0
1167,1187500.0,11.6,7.0,,25.0
1168,1187500.0,4.2,3.0,2.23,25.0
1169,1187500.0,3.95,5.0,2.45,25.0
1170,1187500.0,12.2,3.0,,25.0
1171,1187500.0,15.0,7.0,39.0,25.0
1172,1187500.0,6.9,6.0,1.35,50.0
1173,1187500.0,12.5,6.0,1.33,50.0
1174,1187500.0,30.82,7.0,51.0,50.0
1175,1187500.0,4.87,5.0,1.51,25.0
1176,1187500.0,5.6,5.0,2.63,25.0
1177,1187500.0,20.27,5.0,3.03,25.0
1178,1187500.0,6.3,5.0,2.6,50.0
1179,1187500.0,6.3,5.0,2.6,50.0
1180,1156250.0,10.7,4.0,2.22,25.0
1181,1156250.0,8.2,5.0,1.37,25.0
1182,1156250.0,11.22,7.0,2.5,25.0
1183,1150000.0,6.3,3.0,2.01,25.0
1184,1135250.0,2.2,5.0,1.5,25.0
1185,1135250.0,13.9,5.0,15.0,
1186,1135250.0,5.3,6.0,5.49,50.0
1187,1135250.0,4.5,6.0,6.18,25.0
1188,1125000.0,11.6,6.0,1.63,75.0
1189,1125000.0,9.5,6.0,6.0,50.0
1190,1125000.0,11.78,6.0,4.73,25.0
1191,1125000.0,5.8,7.0,4.02,100.0
1192,1125000.0,7.9,5.0,2.28,25.0
1193,1125000.0,9.1,6.0,2.09,50.0
1194,1125000.0,10.07,6.0,5.3,50.0
1195,1125000.0,8.7,7.0,3.01,100.0
1196,1125000.0,12.6,5.0,6.0,50.0
1197,1125000.0,26.0,8.0,2.43,
1198,1125000.0,59.9,10.0,90.0,25.0
1199,1125000.0,8.16,6.0,1.65,25.0
1200,1125000.0,6.94,7.0,3.04,25.0
1201,1125000.0,8.9,,,25.0
1202,1125000.0,7.04,,1.75,50.0
1203,1125000.0,4.9,7.0,2.15,25.0
1204,1125000.0,5.9,6.0,3.3,50.0
1205,1125000.0,23.18,6.0,42.54,100.0
1206,1125000.0,10.3,6.0,1.08,25.0
1207,1125000.0,,,,100.0
1208,1125000.0,4.3,7.0,1.0,25.0
1209,1125000.0,7.0,6.0,7.5,25.0
1210,1125000.0,4.6,5.0,1.85,25.0
1211,1125000.0,13.54,5.0,7.03,50.0
1212,1125000.0,10.7,5.0,20.26,25.0
1213,1125000.0,6.0,6.0,2.02,50.0
1214,1120000.0,4.0,6.0,1.62,25.0
1215,1100000.0,5.77,6.0,1.9,25.0
1216,1100000.0,24.3,7.0,10.56,100.0
1217,1100000.0,11.1,6.0,15.59,100.0
1218,1093750.0,16.9,7.0,34.0,50.0
1219,1093750.0,9.4,,2.95,25.0
1220,1093750.0,6.9,7.0,4.6,75.0
1221,1093750.0,8.6,9.0,3.04,25.0
1222,1075500.0,16.2,6.0,14.3,50.0
1223,1075500.0,7.2,,,25.0
1224,1075500.0,10.2,8.0,6.55,25.0
1225,1075500.0,24.71,,,100.0
1226,1075500.0,6.05,5.0,1.56,25.0
1227,1075500.0,4.4,6.0,3.03,25.0
1228,1075500.0,16.3,5.0,2.76,50.0
1229,1000.0,9.9,4.0,,25.0
1230,1075500.0,9.8,11.0,3.2,25.0
1231,1075500.0,7.6,5.0,3.01,
1232,1075500.0,13.2,,2.2,50.0
1233,1075500.0,24.6,8.0,40.5,
1234,1075500.0,5.0,7.0,2.45,
1235,1075500.0,10.9,6.0,,25.0
1236,1075500.0,5.2,6.0,2.35,25.0
1237,1062500.0,4.3,6.0,3.15,25.0
1238,1062500.0,3.3,7.0,3.9,
1239,1062500.0,7.9,7.0,1.81,25.0
1240,1062500.0,27.0,6.0,34.0,100.0
1241,1062500.0,20.3,7.0,2.05,25.0
1242,1062500.0,5.5,,4.08,25.0
1243,1062500.0,7.7,6.0,10.09,25.0
1244,1062500.0,3.8,7.0,1.3,75.0
1245,1062500.0,9.3,6.0,3.02,100.0
1246,1062500.0,19.9,6.0,8.9,25.0
1247,1062500.0,8.8,6.0,4.05,25.0
1248,1062500.0,39.3,7.0,40.5,25.0
1249,1062500.0,16.6,5.0,2.3,75.0
1250,1062500.0,12.1,,,25.0
1251,1062500.0,16.7,,20.65,100.0
1252,1062500.0,4.7,6.0,5.47,50.0
1253,1062500.0,10.7,6.0,2.5,25.0
1254,1062500.0,7.8,5.0,1.35,100.0
1255,1062500.0,4.0,7.0,2.85,25.0
1256,1062500.0,6.4,8.0,2.7,25.0
1257,1062500.0,35.9,6.0,33.05,50.0
1258,1062500.0,15.5,,5.16,75.0
1259,1062500.0,9.5,,1.6,75.0
1260,1062500.0,8.2,6.0,9.35,50.0
1261,1062500.0,7.45,5.0,1.5,50.0
1262,1062500.0,8.8,3.0,,25.0
1263,1062500.0,,,,100.0
1264,1062500.0,8.94,4.0,2.1,50.0
1265,1062500.0,8.14,,,50.0
1266,1062500.0,17.7,11.0,2.09,25.0
1267,1062500.0,6.2,10.0,3.0,25.0
1268,1062500.0,15.6,,9.6,
1269,1062500.0,6.1,7.0,2.07,25.0
1270,1050000.0,7.0,6.0,4.95,25.0
1271,1031250.0,4.2,7.0,5.31,50.0
1272,1031250.0,4.2,9.0,2.03,25.0
1273,1031250.0,5.28,7.0,1.45,25.0
1274,1031250.0,8.6,4.0,3.41,50.0
1275,1031250.0,7.16,7.0,14.93,
1276,1031250.0,9.08,5.0,5.18,50.0
1277,1015750.0,8.6,9.0,3.04,25.0
1278,1015750.0,15.76,,2.9,25.0
1279,1015750.0,7.6,5.0,4.61,25.0
1280,1015750.0,13.75,,2.38,25.0
1281,1015750.0,32.09,5.0,,50.0
1282,1015750.0,5.1,6.0,10.24,25.0
1283,1003800.0,6.5,6.0,2.12,50.0
1284,1000250.0,4.8,,2.08,25.0
1285,1000000.0,8.2,7.0,14.56,25.0
1286,1000000.0,8.4,,,25.0
1287,1000000.0,10.7,7.0,4.12,25.0
1288,1000000.0,3.5,6.0,0.92,100.0
1289,1000000.0,9.7,5.0,2.23,25.0
1290,1000000.0,7.1,5.0,2.01,50.0
1291,1000000.0,14.7,6.0,1.75,50.0
1292,1000000.0,23.8,7.0,12.0,25.0
1293,1000000.0,34.4,,,100.0
1294,1000000.0,6.5,4.0,5.5,50.0
1295,1000000.0,15.4,6.0,,50.0
1296,1000000.0,20.3,6.0,8.0,50.0
1297,1000000.0,8.9,5.0,6.01,25.0
1298,1000000.0,8.1,6.0,3.65,25.0
1299,1000000.0,7.0,6.0,2.67,75.0
1300,1000000.0,5.3,4.0,3.12,25.0
1301,1000000.0,4.3,5.0,2.62,
1302,1000000.0,7.02,4.0,4.48,25.0
1303,1000000.0,16.1,,15.69,25.0
1304,1000000.0,57.4,,25.0,50.0
1305,1000000.0,5.1,5.0,2.1,25.0
1306,1000000.0,29.4,7.0,,100.0
1307,1000000.0,10.6,6.0,1.07,25.0
1308,1000000.0,8.0,7.0,2.09,25.0
1309,1000000.0,8.2,5.0,5.55,25.0
1310,1000000.0,5.6,4.0,2.99,25.0
1311,1000000.0,8.11,7.0,0.62,25.0
1312,1000000.0,24.93,9.0,2.27,25.0
1313,1000000.0,6.2,6.0,3.54,100.0
1314,1000000.0,46.6,7.0,,100.0
1315,1000000.0,28.7,6.0,,50.0
1316,1000000.0,4.1,7.0,1.25,25.0
1317,1000000.0,9.5,8.0,1.5,25.0
1318,1000000.0,5.64,4.0,1.86,25.0
1319,1000000.0,4.2,7.0,,25.0
1320,1000000.0,22.93,,,50.0
1321,1000000.0,15.04,,1.7,25.0
1322,1000000.0,4.29,5.0,2.53,25.0
1323,1000000.0,6.83,4.0,,50.0
1324,1000000.0,8.3,5.0,5.0,25.0
1325,1000000.0,7.6,6.0,2.16,50.0
1326,1000000.0,,,,75.0
1327,1000000.0,25.79,6.0,,50.0
1328,1000000.0,20.1,6.0,,100.0
1329,1000000.0,6.6,6.0,0.19,100.0
1330,1000000.0,21.52,9.0,,25.0
1331,1000000.0,9.8,5.0,0.84,25.0
1332,985875.0,8.6,4.0,1.63,25.0
1333,968750.0,9.7,6.0,,50.0
1334,968750.0,4.9,4.0,3.32,50.0
1335,968750.0,15.5,6.0,15.0,25.0
1336,968750.0,9.9,6.0,2.65,25.0
1337,968750.0,6.2,6.0,3.0,25.0
1338,956000.0,5.73,6.0,7.0,
1339,956000.0,9.6,6.0,4.9,25.0
1340,956000.0,5.84,6.0,3.0,25.0
1341,956000.0,13.75,6.0,5.7,50.0
1342,956000.0,13.1,6.0,4.55,50.0
1343,956000.0,5.65,6.0,1.1,75.0
1344,956000.0,24.75,7.0,,100.0
1345,956000.0,7.5,9.0,4.0,25.0
1346,956000.0,10.4,9.0,1.95,25.0
1347,937500.0,11.1,6.0,6.43,75.0
1348,937500.0,20.8,8.0,,100.0
1349,937500.0,6.7,5.0,2.03,50.0
1350,937500.0,20.9,,,100.0
1351,937500.0,24.4,7.0,,100.0
1352,937500.0,9.6,,,25.0
1353,937500.0,20.4,7.0,,100.0
1354,937500.0,18.4,9.0,,50.0
1355,937500.0,4.0,5.0,,25.0
1356,937500.0,5.0,5.0,1.68,25.0
1357,937500.0,13.89,6.0,2.25,50.0
1358,937500.0,11.0,6.0,18.22,25.0
1359,937500.0,7.0,6.0,1.5,100.0
1360,937500.0,10.0,5.0,12.3,25.0
1361,937500.0,,6.0,1.81,75.0
1362,937500.0,15.5,9.0,2.52,25.0
1363,937500.0,7.0,3.0,2.85,50.0
1364,937500.0,4.1,6.0,1.91,25.0
1365,937500.0,28.3,7.0,,25.0
1366,937500.0,6.5,6.0,4.0,25.0
1367,937500.0,18.4,8.0,16.1,50.0
1368,937500.0,9.2,,2.48,25.0
1369,937500.0,11.5,8.0,2.75,25.0
1370,937500.0,4.8,6.0,,25.0
1371,937500.0,10.4,7.0,2.63,25.0
1372,937500.0,13.2,5.0,15.5,25.0
1373,937500.0,4.4,6.0,1.75,25.0
1374,937500.0,16.8,,3.05,50.0
1375,937500.0,9.3,6.0,7.34,75.0
1376,937500.0,9.54,6.0,,25.0
1377,937500.0,8.01,6.0,3.13,25.0
1378,937500.0,3.02,5.0,1.4,25.0
1379,937500.0,11.68,5.0,12.41,75.0
1380,937500.0,7.21,6.0,2.5,25.0
1381,937500.0,2.8,4.0,1.25,25.0
1382,937500.0,,,,25.0
1383,937500.0,16.2,5.0,,75.0
1384,937500.0,7.2,,,25.0
1385,937500.0,3.63,7.0,2.1,25.0
1386,937500.0,5.18,7.0,1.25,25.0
1387,937500.0,6.15,7.0,1.0,25.0
1388,937500.0,13.41,6.0,7.2,25.0
1389,937500.0,25.2,6.0,14.35,50.0
1390,937500.0,10.8,9.0,1.95,25.0
1391,937500.0,8.0,,,100.0
1392,937500.0,11.4,7.0,8.47,25.0
1393,926125.0,16.85,4.0,1.8,50.0
1394,925000.0,6.5,5.0,2.1,50.0
1395,906250.0,6.5,,3.66,100.0
1396,906250.0,11.5,11.0,2.88,25.0
1397,906250.0,11.2,7.0,14.0,25.0
1398,906250.0,3.3,6.0,3.61,
1399,906250.0,24.6,6.0,61.29,25.0
1400,906250.0,19.09,,2.06,25.0
1401,906250.0,23.7,,35.9,25.0
1402,906250.0,,,,25.0
1403,906250.0,4.6,8.0,2.25,25.0
1404,906250.0,,7.0,,25.0
1405,900000.0,7.4,,,25.0
1406,900000.0,24.7,6.0,1.8,50.0
1407,900000.0,4.3,6.0,3.45,50.0
1408,900000.0,15.4,6.0,2.5,75.0
1409,896250.0,,5.0,2.35,50.0
1410,896250.0,24.6,6.0,10.0,100.0
1411,896250.0,15.55,6.0,15.0,25.0
1412,896250.0,32.37,5.0,,100.0
1413,896250.0,4.5,9.0,1.95,75.0
1414,875000.0,7.2,6.0,2.8,25.0
1415,875000.0,10.5,5.0,4.21,
1416,875000.0,11.6,6.0,5.08,50.0
1417,875000.0,4.0,5.0,4.35,25.0
1418,875000.0,6.0,7.0,4.1,25.0
1419,875000.0,17.8,,2.96,25.0
1420,875000.0,8.6,6.0,2.0,25.0
1421,875000.0,5.1,7.0,7.05,25.0
1422,875000.0,5.9,,1.78,50.0
1423,875000.0,24.6,,1.68,25.0
1424,875000.0,10.1,6.0,,50.0
1425,875000.0,25.68,7.0,,25.0
1426,875000.0,19.0,6.0,3.05,100.0
1427,875000.0,4.2,7.0,1.0,25.0
1428,875000.0,23.7,7.0,38.0,50.0
1429,875000.0,23.8,6.0,38.94,100.0
1430,875000.0,17.3,6.0,9.95,50.0
1431,875000.0,9.2,6.0,3.21,25.0
1432,875000.0,14.6,6.0,12.31,100.0
1433,875000.0,9.6,,,50.0
1434,1000.0,9.9,4.0,,25.0
1435,875000.0,16.9,5.0,8.87,50.0
1436,875000.0,9.6,6.0,10.05,25.0
1437,875000.0,9.0,4.0,1.62,25.0
1438,875000.0,5.1,4.0,1.25,25.0
1439,875000.0,4.7,7.0,1.27,25.0
1440,875000.0,4.7,7.0,1.7,25.0
1441,875000.0,17.4,12.0,3.35,25.0
1442,875000.0,7.3,5.0,1.45,75.0
1443,875000.0,12.0,7.0,6.09,50.0
1444,875000.0,6.3,6.0,4.9,75.0
